n_proc, time
2, 884.5694061010145
3, 583.2607555459253
4, 459.3770094588399
5, 418.2767284461297
6, 286.9192454791628
7, 315.3692742562853
8, 265.9072536174208
9, 364.5970838088542
10, 223.4974222597666
