n_proc,time
2, 863.8500935710035
3, 663.5032147788443
4, 600.7552016410045
5, 385.06669828714803
6, 432.20025719702244
7, 359.41213234188035
8, 349.6741629508324
9, 339.0138724008575
10, 288.3002925910987